timeStamp,elapsed,label,responseCode,threadName,dataType,success,bytes,sentBytes,grpThreads,allThreads,Latency,IdleTime,Connect
1716750766250,642,POST new pet,200,Original REST requests 1-1,text,true,6487,503,5,5,335,0,20
1716750766400,492,POST new pet,200,Original REST requests 1-2,text,true,6492,503,5,5,186,0,1
1716750766250,339,POST new pet-0,302,Original REST requests 1-1,,true,307,282,5,5,335,0,20
1716750766400,190,POST new pet-0,302,Original REST requests 1-2,,true,307,282,5,5,186,0,1
1716750766593,299,POST new pet-1,200,Original REST requests 1-1,text,true,6180,221,5,5,299,0,0
1716750766593,299,POST new pet-1,200,Original REST requests 1-2,text,true,6185,221,5,5,299,0,0
1716750766605,287,POST new pet,200,Original REST requests 1-3,text,true,6491,503,5,5,21,0,1
1716750766605,21,POST new pet-0,302,Original REST requests 1-3,,true,307,282,5,5,21,0,1
1716750766626,266,POST new pet-1,200,Original REST requests 1-3,text,true,6184,221,5,5,266,0,0
1716750766810,107,POST new pet,200,Original REST requests 1-4,text,true,5249,282,5,5,107,0,1
1716750767016,29,POST new pet,200,Original REST requests 1-5,text,true,5245,282,6,6,29,0,1
1716750767222,27,POST new pet,200,Original REST requests 1-6,text,true,5251,282,7,7,27,0,2
1716750767196,58,Vets,200,Original REST requests 1-1,text,true,4264,178,7,7,57,0,0
1716750767196,58,Vets,200,Original REST requests 1-2,text,true,4264,178,7,7,57,0,0
1716750767196,58,Vets,200,Original REST requests 1-3,text,true,4264,178,7,7,57,0,0
1716750767223,31,Vets,200,Original REST requests 1-4,text,true,4264,125,7,7,30,0,0
1716750767346,6,Vets,200,Original REST requests 1-5,text,true,4264,125,8,8,6,0,0
1716750767427,16,POST new pet,200,Original REST requests 1-7,text,true,5249,282,8,8,16,0,1
1716750767550,8,Vets,200,Original REST requests 1-6,text,true,4264,125,9,9,8,0,0
1716750767555,10,Find owner,200,Original REST requests 1-1,text,true,3755,180,9,9,10,0,0
1716750767555,10,Find owner,200,Original REST requests 1-3,text,true,3755,180,9,9,10,0,0
1716750767554,11,Find owner,200,Original REST requests 1-4,text,true,3755,127,9,9,11,0,0
1716750767555,10,Find owner,200,Original REST requests 1-2,text,true,3755,180,9,9,10,0,0
1716750767633,20,POST new pet,200,Original REST requests 1-8,text,true,5245,282,9,9,19,0,1
1716750767653,5,Find owner,200,Original REST requests 1-5,text,true,3755,127,9,9,4,0,0
1716750767745,5,Vets,200,Original REST requests 1-7,text,true,4264,125,10,10,5,0,0
1716750767839,18,POST new pet,200,Original REST requests 1-9,text,true,5251,282,10,10,18,0,1
1716750767859,4,Find owner,200,Original REST requests 1-6,text,true,3755,127,10,10,4,0,0
1716750767867,59,POST Edit Owner,200,Original REST requests 1-1,text,true,6352,525,10,10,51,0,0
1716750767867,51,POST Edit Owner-0,302,Original REST requests 1-1,,true,188,348,10,10,51,0,0
1716750767918,8,POST Edit Owner-1,200,Original REST requests 1-1,text,true,6164,177,10,10,8,0,0
1716750767867,59,POST Edit Owner,200,Original REST requests 1-3,text,true,6353,525,10,10,51,0,0
1716750767867,59,POST Edit Owner,200,Original REST requests 1-2,text,true,6358,525,10,10,51,0,0
1716750767867,59,POST Edit Owner,200,Original REST requests 1-4,text,true,6471,516,10,10,51,0,0
1716750767867,51,POST Edit Owner-0,302,Original REST requests 1-2,,true,188,348,10,10,51,0,0
1716750767867,51,POST Edit Owner-0,302,Original REST requests 1-4,,true,307,295,10,10,51,0,0
1716750767918,8,POST Edit Owner-1,200,Original REST requests 1-2,text,true,6170,177,10,10,8,0,0
1716750767918,8,POST Edit Owner-1,200,Original REST requests 1-4,text,true,6164,221,10,10,8,0,0
1716750767867,51,POST Edit Owner-0,302,Original REST requests 1-3,,true,188,348,10,10,51,0,0
1716750767918,8,POST Edit Owner-1,200,Original REST requests 1-3,text,true,6165,177,10,10,8,0,0
1716750767955,4,Vets,200,Original REST requests 1-8,text,true,4264,125,11,11,4,0,0
1716750767960,17,POST Edit Owner,200,Original REST requests 1-5,text,true,6477,516,11,11,7,0,0
1716750767960,7,POST Edit Owner-0,302,Original REST requests 1-5,,true,307,295,11,11,7,0,0
1716750767967,10,POST Edit Owner-1,200,Original REST requests 1-5,text,true,6170,221,11,11,10,0,0
1716750768051,3,Find owner,200,Original REST requests 1-7,text,true,3755,127,11,11,3,0,0
1716750768043,17,POST new pet,200,Original REST requests 1-10,text,true,5240,282,11,11,17,0,1
1716750768158,14,Vets,200,Original REST requests 1-9,text,true,4264,125,12,12,13,0,0
1716750768165,23,POST Edit Owner,200,Original REST requests 1-6,text,true,6472,516,12,12,15,0,0
1716750768165,15,POST Edit Owner-0,302,Original REST requests 1-6,,true,307,295,12,12,15,0,0
1716750768180,8,POST Edit Owner-1,200,Original REST requests 1-6,text,true,6165,221,12,12,8,0,0
1716750768228,26,POST new visit,200,Original REST requests 1-4,text,true,6560,490,12,12,18,0,0
1716750768228,26,POST new visit,200,Original REST requests 1-1,text,true,6560,490,12,12,18,0,0
1716750768228,18,POST new visit-0,302,Original REST requests 1-4,,true,188,313,12,12,18,0,0
1716750768228,18,POST new visit-0,302,Original REST requests 1-1,,true,188,313,12,12,18,0,0
1716750768246,8,POST new visit-1,200,Original REST requests 1-1,text,true,6372,177,12,12,8,0,0
1716750768246,8,POST new visit-1,200,Original REST requests 1-4,text,true,6372,177,12,12,8,0,0
1716750768228,26,POST new visit,200,Original REST requests 1-3,text,true,6459,490,12,12,18,0,0
1716750768228,18,POST new visit-0,302,Original REST requests 1-3,,true,188,313,12,12,18,0,0
1716750768246,8,POST new visit-1,200,Original REST requests 1-3,text,true,6271,177,12,12,8,0,0
1716750768228,26,POST new visit,200,Original REST requests 1-2,text,true,6464,490,12,12,18,0,0
1716750768228,18,POST new visit-0,302,Original REST requests 1-2,,true,188,313,12,12,18,0,0
1716750768246,8,POST new visit-1,200,Original REST requests 1-2,text,true,6276,177,12,12,8,0,0
1716750768248,14,POST new pet,200,Original REST requests 1-11,text,true,5240,282,8,8,14,0,1
1716750768261,3,Find owner,200,Original REST requests 1-8,text,true,3755,127,8,8,3,0,0
1716750768279,19,POST new visit,200,Original REST requests 1-5,text,true,6566,490,8,8,9,0,0
1716750768279,9,POST new visit-0,302,Original REST requests 1-5,,true,188,313,8,8,9,0,0
1716750768288,10,POST new visit-1,200,Original REST requests 1-5,text,true,6378,177,8,8,10,0,0
1716750768360,5,Vets,200,Original REST requests 1-10,text,true,4264,125,8,8,5,0,0
1716750768355,19,POST Edit Owner,200,Original REST requests 1-7,text,true,6675,516,8,8,9,0,0
1716750768355,9,POST Edit Owner-0,302,Original REST requests 1-7,,true,307,295,8,8,9,0,0
1716750768364,10,POST Edit Owner-1,200,Original REST requests 1-7,text,true,6368,221,8,8,10,0,0
1716750768474,4,Find owner,200,Original REST requests 1-9,text,true,3755,127,8,8,3,0,0
1716750768454,28,POST new pet,200,Original REST requests 1-12,text,true,5240,282,8,8,27,0,0
1716750768489,21,POST new visit,200,Original REST requests 1-6,text,true,6561,490,8,8,12,0,0
1716750768489,12,POST new visit-0,302,Original REST requests 1-6,,true,188,313,8,8,12,0,0
1716750768501,9,POST new visit-1,200,Original REST requests 1-6,text,true,6373,177,8,8,9,0,0
1716750768563,5,Vets,200,Original REST requests 1-11,text,true,4264,125,8,8,4,0,0
1716750768565,20,POST Edit Owner,200,Original REST requests 1-8,text,true,6681,516,8,8,9,0,0
1716750768565,9,POST Edit Owner-0,302,Original REST requests 1-8,,true,307,295,8,8,9,0,0
1716750768574,11,POST Edit Owner-1,200,Original REST requests 1-8,text,true,6374,221,8,8,10,0,0
1716750768666,4,Find owner,200,Original REST requests 1-10,text,true,3755,127,8,8,4,0,0
1716750768658,13,POST new pet,200,Original REST requests 1-13,text,true,5240,282,8,8,12,0,1
1716750768675,17,POST new visit,200,Original REST requests 1-7,text,true,6662,490,8,8,8,0,0
1716750768675,8,POST new visit-0,302,Original REST requests 1-7,,true,188,313,8,8,8,0,0
1716750768684,8,POST new visit-1,200,Original REST requests 1-7,text,true,6474,177,8,8,8,0,0
1716750768782,4,Vets,200,Original REST requests 1-12,text,true,4264,125,8,8,4,0,0
1716750768779,14,POST Edit Owner,200,Original REST requests 1-9,text,true,6676,516,8,8,7,0,0
1716750768779,7,POST Edit Owner-0,302,Original REST requests 1-9,,true,307,295,8,8,7,0,0
1716750768786,7,POST Edit Owner-1,200,Original REST requests 1-9,text,true,6369,221,8,8,7,0,0
1716750768869,3,Find owner,200,Original REST requests 1-11,text,true,3755,127,8,8,3,0,0
1716750768863,12,POST new pet,200,Original REST requests 1-14,text,true,5240,282,8,8,12,0,1
1716750768885,15,POST new visit,200,Original REST requests 1-8,text,true,6668,490,8,8,8,0,0
1716750768885,8,POST new visit-0,302,Original REST requests 1-8,,true,188,313,8,8,8,0,0
1716750768893,7,POST new visit-1,200,Original REST requests 1-8,text,true,6480,177,8,8,6,0,0
1716750768971,4,Vets,200,Original REST requests 1-13,text,true,4264,125,8,8,4,0,0
1716750768972,14,POST Edit Owner,200,Original REST requests 1-10,text,true,6777,516,8,8,7,0,0
1716750768972,7,POST Edit Owner-0,302,Original REST requests 1-10,,true,307,295,8,8,7,0,0
1716750768980,6,POST Edit Owner-1,200,Original REST requests 1-10,text,true,6470,221,8,8,6,0,0
1716750769068,16,POST new pet,200,Original REST requests 1-15,text,true,5240,282,8,8,16,0,1
1716750769087,3,Find owner,200,Original REST requests 1-12,text,true,3755,127,8,8,3,0,0
1716750769094,14,POST new visit,200,Original REST requests 1-9,text,true,6663,490,8,8,7,0,0
1716750769094,7,POST new visit-0,302,Original REST requests 1-9,,true,188,313,8,8,7,0,0
1716750769102,6,POST new visit-1,200,Original REST requests 1-9,text,true,6475,177,8,8,6,0,0
1716750769177,2,Vets,200,Original REST requests 1-14,text,true,4264,125,8,8,2,0,0
1716750769174,11,POST Edit Owner,200,Original REST requests 1-11,text,true,6783,516,8,8,5,0,0
1716750769174,5,POST Edit Owner-0,302,Original REST requests 1-11,,true,307,295,8,8,5,0,0
1716750769180,5,POST Edit Owner-1,200,Original REST requests 1-11,text,true,6476,221,8,8,5,0,0
1716750769278,2,Find owner,200,Original REST requests 1-13,text,true,3755,127,8,8,2,0,0
1716750769272,11,POST new pet,200,Original REST requests 1-16,text,true,5240,282,8,8,11,0,1
1716750769287,13,POST new visit,200,Original REST requests 1-10,text,true,6764,490,8,8,7,0,0
1716750769287,7,POST new visit-0,302,Original REST requests 1-10,,true,188,313,8,8,7,0,0
1716750769294,6,POST new visit-1,200,Original REST requests 1-10,text,true,6576,177,8,8,6,0,0
1716750769385,4,Vets,200,Original REST requests 1-15,text,true,4264,125,8,8,4,0,0
1716750769392,13,POST Edit Owner,200,Original REST requests 1-12,text,true,6778,516,8,8,6,0,0
1716750769392,6,POST Edit Owner-0,302,Original REST requests 1-12,,true,307,295,8,8,6,0,0
1716750769398,7,POST Edit Owner-1,200,Original REST requests 1-12,text,true,6471,221,8,8,6,0,0
1716750769481,2,Find owner,200,Original REST requests 1-14,text,true,3755,127,8,8,2,0,0
1716750769477,9,POST new pet,200,Original REST requests 1-17,text,true,5240,282,8,8,9,0,0
1716750769488,11,POST new visit,200,Original REST requests 1-11,text,true,6770,490,8,8,6,0,0
1716750769488,6,POST new visit-0,302,Original REST requests 1-11,,true,188,313,8,8,6,0,0
1716750769494,5,POST new visit-1,200,Original REST requests 1-11,text,true,6582,177,8,8,5,0,0
1716750769585,3,Vets,200,Original REST requests 1-16,text,true,4264,125,8,8,3,0,0
1716750769583,10,POST Edit Owner,200,Original REST requests 1-13,text,true,6879,516,8,8,5,0,0
1716750769583,5,POST Edit Owner-0,302,Original REST requests 1-13,,true,307,295,8,8,5,0,0
1716750769588,5,POST Edit Owner-1,200,Original REST requests 1-13,text,true,6572,221,8,8,5,0,0
1716750769683,9,POST new pet,200,Original REST requests 1-18,text,true,5240,282,8,8,9,0,1
1716750769690,2,Find owner,200,Original REST requests 1-15,text,true,3755,127,8,8,2,0,0
1716750769706,12,POST new visit,200,Original REST requests 1-12,text,true,6765,490,8,8,6,0,0
1716750769706,6,POST new visit-0,302,Original REST requests 1-12,,true,188,313,8,8,6,0,0
1716750769712,6,POST new visit-1,200,Original REST requests 1-12,text,true,6577,177,8,8,6,0,0
1716750769788,4,Vets,200,Original REST requests 1-17,text,true,4264,125,8,8,3,0,0
1716750769784,13,POST Edit Owner,200,Original REST requests 1-14,text,true,6885,516,8,8,6,0,0
1716750769784,6,POST Edit Owner-0,302,Original REST requests 1-14,,true,307,295,8,8,6,0,0
1716750769791,6,POST Edit Owner-1,200,Original REST requests 1-14,text,true,6578,221,8,8,5,0,0
1716750769889,2,Find owner,200,Original REST requests 1-16,text,true,3755,127,8,8,2,0,0
1716750769887,13,POST new pet,200,Original REST requests 1-19,text,true,5240,282,8,8,13,0,1
1716750769895,17,POST new visit,200,Original REST requests 1-13,text,true,6866,490,8,8,7,0,0
1716750769895,7,POST new visit-0,302,Original REST requests 1-13,,true,188,313,8,8,7,0,0
1716750769902,10,POST new visit-1,200,Original REST requests 1-13,text,true,6678,177,8,8,9,0,0
1716750769993,4,Vets,200,Original REST requests 1-18,text,true,4264,125,8,8,3,0,0
1716750769993,12,POST Edit Owner,200,Original REST requests 1-15,text,true,6880,516,8,8,6,0,0
1716750769993,6,POST Edit Owner-0,302,Original REST requests 1-15,,true,307,295,8,8,6,0,0
1716750769999,6,POST Edit Owner-1,200,Original REST requests 1-15,text,true,6573,221,8,8,5,0,0
1716750770092,3,Find owner,200,Original REST requests 1-17,text,true,3755,127,8,8,2,0,0
1716750770092,10,POST new pet,200,Original REST requests 1-20,text,true,5240,282,8,8,9,0,0
1716750770097,11,POST new visit,200,Original REST requests 1-14,text,true,6872,490,8,8,6,0,0
1716750770097,6,POST new visit-0,302,Original REST requests 1-14,,true,188,313,8,8,6,0,0
1716750770103,5,POST new visit-1,200,Original REST requests 1-14,text,true,6684,177,8,8,5,0,0
1716750770192,10,POST Edit Owner,200,Original REST requests 1-16,text,true,6981,516,8,8,5,0,0
1716750770192,5,POST Edit Owner-0,302,Original REST requests 1-16,,true,307,295,8,8,5,0,0
1716750770197,5,POST Edit Owner-1,200,Original REST requests 1-16,text,true,6674,221,8,8,5,0,0
1716750770201,2,Vets,200,Original REST requests 1-19,text,true,4264,125,8,8,2,0,0
1716750770298,3,Find owner,200,Original REST requests 1-18,text,true,3755,127,8,8,2,0,0
1716750770297,9,POST new pet,200,Original REST requests 1-21,text,true,5240,282,8,8,9,0,1
1716750770306,11,POST new visit,200,Original REST requests 1-15,text,true,6867,490,8,8,6,0,0
1716750770306,6,POST new visit-0,302,Original REST requests 1-15,,true,188,313,8,8,6,0,0
1716750770312,5,POST new visit-1,200,Original REST requests 1-15,text,true,6679,177,8,8,5,0,0
1716750770402,3,Vets,200,Original REST requests 1-20,text,true,4264,125,8,8,3,0,0
1716750770396,12,POST Edit Owner,200,Original REST requests 1-17,text,true,6987,516,8,8,5,0,0
1716750770396,5,POST Edit Owner-0,302,Original REST requests 1-17,,true,307,295,8,8,5,0,0
1716750770401,7,POST Edit Owner-1,200,Original REST requests 1-17,text,true,6680,221,8,8,7,0,0
1716750770504,10,Find owner,200,Original REST requests 1-19,text,true,3755,127,8,8,10,0,0
1716750770499,17,POST new pet,200,Original REST requests 1-22,text,true,5240,282,8,8,17,0,1
1716750770503,23,POST new visit,200,Original REST requests 1-16,text,true,6968,490,8,8,15,0,0
1716750770503,15,POST new visit-0,302,Original REST requests 1-16,,true,188,313,8,8,15,0,0
1716750770519,7,POST new visit-1,200,Original REST requests 1-16,text,true,6780,177,8,8,7,0,0
1716750770606,4,Vets,200,Original REST requests 1-21,text,true,4264,125,8,8,4,0,0
1716750770601,15,POST Edit Owner,200,Original REST requests 1-18,text,true,6982,516,8,8,9,0,0
1716750770601,9,POST Edit Owner-0,302,Original REST requests 1-18,,true,307,295,8,8,9,0,0
1716750770611,5,POST Edit Owner-1,200,Original REST requests 1-18,text,true,6675,221,8,8,5,0,0
1716750770707,2,Find owner,200,Original REST requests 1-20,text,true,3755,127,8,8,2,0,0
1716750770703,7,POST new pet,200,Original REST requests 1-23,text,true,5240,282,8,8,7,0,1
1716750770709,10,POST new visit,200,Original REST requests 1-17,text,true,6974,490,8,8,5,0,0
1716750770709,5,POST new visit-0,302,Original REST requests 1-17,,true,188,313,8,8,5,0,0
1716750770714,5,POST new visit-1,200,Original REST requests 1-17,text,true,6786,177,8,8,5,0,0
1716750770818,2,Vets,200,Original REST requests 1-22,text,true,4264,125,8,8,2,0,0
1716750770815,8,POST Edit Owner,200,Original REST requests 1-19,text,true,7083,516,8,8,4,0,0
1716750770815,4,POST Edit Owner-0,302,Original REST requests 1-19,,true,307,295,8,8,4,0,0
1716750770819,4,POST Edit Owner-1,200,Original REST requests 1-19,text,true,6776,221,8,8,4,0,0
1716750770912,2,Find owner,200,Original REST requests 1-21,text,true,3755,127,8,8,1,0,0
1716750770909,6,POST new pet,200,Original REST requests 1-24,text,true,5240,282,8,8,6,0,0
1716750770917,8,POST new visit,200,Original REST requests 1-18,text,true,6969,490,8,8,4,0,0
1716750770917,4,POST new visit-0,302,Original REST requests 1-18,,true,188,313,8,8,4,0,0
1716750770921,4,POST new visit-1,200,Original REST requests 1-18,text,true,6781,177,8,8,4,0,0
1716750771011,2,Vets,200,Original REST requests 1-23,text,true,4264,125,7,7,2,0,0
1716750771010,8,POST Edit Owner,200,Original REST requests 1-20,text,true,7089,516,8,8,4,0,0
1716750771010,4,POST Edit Owner-0,302,Original REST requests 1-20,,true,307,295,8,8,4,0,0
1716750771014,4,POST Edit Owner-1,200,Original REST requests 1-20,text,true,6782,221,8,8,4,0,0
1716750771113,6,POST new pet,200,Original REST requests 1-25,text,true,5240,282,8,8,6,0,1
1716750771120,2,Find owner,200,Original REST requests 1-22,text,true,3755,127,8,8,2,0,0
1716750771125,9,POST new visit,200,Original REST requests 1-19,text,true,7070,490,8,8,5,0,0
1716750771125,5,POST new visit-0,302,Original REST requests 1-19,,true,188,313,8,8,5,0,0
1716750771130,4,POST new visit-1,200,Original REST requests 1-19,text,true,6882,177,8,8,4,0,0
1716750771216,2,Vets,200,Original REST requests 1-24,text,true,4264,125,7,7,2,0,0
1716750771215,9,POST Edit Owner,200,Original REST requests 1-21,text,true,7084,516,8,8,5,0,0
1716750771215,5,POST Edit Owner-0,302,Original REST requests 1-21,,true,307,295,8,8,5,0,0
1716750771220,4,POST Edit Owner-1,200,Original REST requests 1-21,text,true,6777,221,8,8,4,0,0
1716750771313,3,Find owner,200,Original REST requests 1-23,text,true,3755,127,8,8,2,0,0
1716750771317,7,POST new pet,200,Original REST requests 1-26,text,true,5240,282,8,8,7,0,0
1716750771320,9,POST new visit,200,Original REST requests 1-20,text,true,7076,490,8,8,5,0,0
1716750771320,5,POST new visit-0,302,Original REST requests 1-20,,true,188,313,8,8,5,0,0
1716750771325,4,POST new visit-1,200,Original REST requests 1-20,text,true,6888,177,8,8,4,0,0
1716750771421,3,Vets,200,Original REST requests 1-25,text,true,4264,125,8,8,3,0,0
1716750771423,8,POST Edit Owner,200,Original REST requests 1-22,text,true,7185,516,8,8,4,0,0
1716750771423,4,POST Edit Owner-0,302,Original REST requests 1-22,,true,307,295,8,8,4,0,0
1716750771427,4,POST Edit Owner-1,200,Original REST requests 1-22,text,true,6878,221,8,8,3,0,0
1716750771520,2,Find owner,200,Original REST requests 1-24,text,true,3755,127,8,8,2,0,0
1716750771520,6,POST new pet,200,Original REST requests 1-27,text,true,5240,282,8,8,6,0,1
1716750771525,8,POST new visit,200,Original REST requests 1-21,text,true,7071,490,8,8,4,0,0
1716750771525,4,POST new visit-0,302,Original REST requests 1-21,,true,188,313,8,8,4,0,0
1716750771529,4,POST new visit-1,200,Original REST requests 1-21,text,true,6883,177,8,8,4,0,0
1716750771616,9,POST Edit Owner,200,Original REST requests 1-23,text,true,7191,516,7,7,5,0,0
1716750771616,5,POST Edit Owner-0,302,Original REST requests 1-23,,true,307,295,7,7,5,0,0
1716750771621,4,POST Edit Owner-1,200,Original REST requests 1-23,text,true,6884,221,7,7,4,0,0
1716750771625,2,Vets,200,Original REST requests 1-26,text,true,4264,125,8,8,2,0,0
1716750771725,3,Find owner,200,Original REST requests 1-25,text,true,3755,127,8,8,3,0,0
1716750771725,6,POST new pet,200,Original REST requests 1-28,text,true,5240,282,8,8,6,0,0
1716750771733,10,POST new visit,200,Original REST requests 1-22,text,true,7172,490,8,8,5,0,0
1716750771733,5,POST new visit-0,302,Original REST requests 1-22,,true,188,313,8,8,5,0,0
1716750771738,5,POST new visit-1,200,Original REST requests 1-22,text,true,6984,177,8,8,5,0,0
1716750771827,3,Vets,200,Original REST requests 1-27,text,true,4264,125,7,7,3,0,0
1716750771823,10,POST Edit Owner,200,Original REST requests 1-24,text,true,7186,516,8,8,5,0,0
1716750771823,5,POST Edit Owner-0,302,Original REST requests 1-24,,true,307,295,8,8,5,0,0
1716750771828,5,POST Edit Owner-1,200,Original REST requests 1-24,text,true,6879,221,8,8,4,0,0
1716750771929,2,Find owner,200,Original REST requests 1-26,text,true,3755,127,8,8,1,0,0
1716750771926,9,POST new visit,200,Original REST requests 1-23,text,true,7178,490,8,8,4,0,0
1716750771926,5,POST new visit-0,302,Original REST requests 1-23,,true,188,313,8,8,4,0,0
1716750771931,4,POST new visit-1,200,Original REST requests 1-23,text,true,6990,177,8,8,4,0,0
1716750771928,8,POST new pet,200,Original REST requests 1-29,text,true,5240,282,7,7,8,0,0
1716750772032,3,Vets,200,Original REST requests 1-28,text,true,4264,125,8,8,3,0,0
1716750772029,9,POST Edit Owner,200,Original REST requests 1-25,text,true,7287,516,8,8,4,0,0
1716750772029,4,POST Edit Owner-0,302,Original REST requests 1-25,,true,307,295,8,8,4,0,0
1716750772033,5,POST Edit Owner-1,200,Original REST requests 1-25,text,true,6980,221,8,8,5,0,0
1716750772134,8,POST new pet,200,Original REST requests 1-30,text,true,5240,282,8,8,8,0,0
1716750772140,2,Find owner,200,Original REST requests 1-27,text,true,3755,127,8,8,2,0,0
1716750772133,11,POST new visit,200,Original REST requests 1-24,text,true,7173,490,8,8,6,0,0
1716750772133,6,POST new visit-0,302,Original REST requests 1-24,,true,188,313,8,8,6,0,0
1716750772139,5,POST new visit-1,200,Original REST requests 1-24,text,true,6985,177,8,8,5,0,0
1716750772239,3,Vets,200,Original REST requests 1-29,text,true,4264,125,8,8,3,0,0
1716750772233,10,POST Edit Owner,200,Original REST requests 1-26,text,true,7293,516,8,8,4,0,0
1716750772233,4,POST Edit Owner-0,302,Original REST requests 1-26,,true,307,295,8,8,4,0,0
1716750772237,6,POST Edit Owner-1,200,Original REST requests 1-26,text,true,6986,221,8,8,6,0,0
1716750772336,2,Find owner,200,Original REST requests 1-28,text,true,3755,127,8,8,2,0,0
1716750772336,9,POST new pet,200,Original REST requests 1-31,text,true,5240,282,8,8,8,0,1
1716750772341,9,POST new visit,200,Original REST requests 1-25,text,true,7274,490,8,8,5,0,0
1716750772341,5,POST new visit-0,302,Original REST requests 1-25,,true,188,313,8,8,5,0,0
1716750772346,4,POST new visit-1,200,Original REST requests 1-25,text,true,7086,177,8,8,4,0,0
1716750772444,3,Vets,200,Original REST requests 1-30,text,true,4264,125,8,8,3,0,0
1716750772444,11,POST Edit Owner,200,Original REST requests 1-27,text,true,7288,516,8,8,5,0,0
1716750772444,5,POST Edit Owner-0,302,Original REST requests 1-27,,true,307,295,8,8,5,0,0
1716750772449,6,POST Edit Owner-1,200,Original REST requests 1-27,text,true,6981,221,8,8,5,0,0
1716750772543,2,Find owner,200,Original REST requests 1-29,text,true,3755,127,8,8,2,0,0
1716750772540,9,POST new pet,200,Original REST requests 1-32,text,true,5240,282,8,8,9,0,1
1716750772544,10,POST new visit,200,Original REST requests 1-26,text,true,7280,490,8,8,5,0,0
1716750772544,5,POST new visit-0,302,Original REST requests 1-26,,true,188,313,8,8,5,0,0
1716750772550,4,POST new visit-1,200,Original REST requests 1-26,text,true,7092,177,8,8,4,0,0
1716750772639,9,POST Edit Owner,200,Original REST requests 1-28,text,true,7389,516,8,8,4,0,0
1716750772639,4,POST Edit Owner-0,302,Original REST requests 1-28,,true,307,295,8,8,4,0,0
1716750772644,4,POST Edit Owner-1,200,Original REST requests 1-28,text,true,7082,221,8,8,4,0,0
1716750772647,2,Vets,200,Original REST requests 1-31,text,true,4264,125,8,8,2,0,0
1716750772745,7,POST new pet,200,Original REST requests 1-33,text,true,5240,282,8,8,7,0,1
1716750772750,2,Find owner,200,Original REST requests 1-30,text,true,3755,127,8,8,2,0,0
1716750772757,9,POST new visit,200,Original REST requests 1-27,text,true,7275,490,8,8,5,0,0
1716750772757,5,POST new visit-0,302,Original REST requests 1-27,,true,188,313,8,8,5,0,0
1716750772762,4,POST new visit-1,200,Original REST requests 1-27,text,true,7087,177,8,8,3,0,0
1716750772851,1,Vets,200,Original REST requests 1-32,text,true,4264,125,8,8,1,0,0
1716750772846,8,POST Edit Owner,200,Original REST requests 1-29,text,true,7395,516,8,8,4,0,0
1716750772846,4,POST Edit Owner-0,302,Original REST requests 1-29,,true,307,295,8,8,4,0,0
1716750772850,4,POST Edit Owner-1,200,Original REST requests 1-29,text,true,7088,221,8,8,4,0,0
1716750772950,2,Find owner,200,Original REST requests 1-31,text,true,3755,127,8,8,2,0,0
1716750772949,7,POST new pet,200,Original REST requests 1-34,text,true,5240,282,8,8,7,0,1
1716750772949,11,POST new visit,200,Original REST requests 1-28,text,true,7376,490,8,8,5,0,0
1716750772949,5,POST new visit-0,302,Original REST requests 1-28,,true,188,313,8,8,5,0,0
1716750772955,5,POST new visit-1,200,Original REST requests 1-28,text,true,7188,177,8,8,5,0,0
1716750773052,3,Vets,200,Original REST requests 1-33,text,true,4264,125,8,8,3,0,0
1716750773052,9,POST Edit Owner,200,Original REST requests 1-30,text,true,7390,516,8,8,5,0,0
1716750773052,5,POST Edit Owner-0,302,Original REST requests 1-30,,true,307,295,8,8,5,0,0
1716750773057,4,POST Edit Owner-1,200,Original REST requests 1-30,text,true,7083,221,8,8,4,0,0
1716750773153,2,Find owner,200,Original REST requests 1-32,text,true,3755,127,8,8,2,0,0
1716750773151,6,POST new pet,200,Original REST requests 1-35,text,true,5240,282,8,8,6,0,1
1716750773154,10,POST new visit,200,Original REST requests 1-29,text,true,7382,490,8,8,6,0,0
1716750773154,6,POST new visit-0,302,Original REST requests 1-29,,true,188,313,8,8,6,0,0
1716750773160,4,POST new visit-1,200,Original REST requests 1-29,text,true,7194,177,8,8,4,0,0
1716750773257,2,Vets,200,Original REST requests 1-34,text,true,4264,125,8,8,2,0,0
1716750773253,7,POST Edit Owner,200,Original REST requests 1-31,text,true,7491,516,8,8,3,0,0
1716750773253,3,POST Edit Owner-0,302,Original REST requests 1-31,,true,307,295,8,8,3,0,0
1716750773256,4,POST Edit Owner-1,200,Original REST requests 1-31,text,true,7184,221,8,8,4,0,0
1716750773356,2,Find owner,200,Original REST requests 1-33,text,true,3755,127,8,8,2,0,0
1716750773354,7,POST new pet,200,Original REST requests 1-36,text,true,5240,282,8,8,7,0,1
1716750773362,10,POST new visit,200,Original REST requests 1-30,text,true,7377,490,8,8,6,0,0
1716750773362,6,POST new visit-0,302,Original REST requests 1-30,,true,188,313,8,8,6,0,0
1716750773368,4,POST new visit-1,200,Original REST requests 1-30,text,true,7189,177,8,8,4,0,0
1716750773458,3,Vets,200,Original REST requests 1-35,text,true,4264,125,8,8,3,0,0
1716750773456,9,POST Edit Owner,200,Original REST requests 1-32,text,true,7497,516,8,8,4,0,0
1716750773456,4,POST Edit Owner-0,302,Original REST requests 1-32,,true,307,295,8,8,4,0,0
1716750773460,5,POST Edit Owner-1,200,Original REST requests 1-32,text,true,7190,221,8,8,5,0,0
1716750773561,2,Find owner,200,Original REST requests 1-34,text,true,3755,127,8,8,2,0,0
1716750773557,6,POST new pet,200,Original REST requests 1-37,text,true,5240,282,8,8,6,0,0
1716750773561,8,POST new visit,200,Original REST requests 1-31,text,true,7478,490,8,8,4,0,0
1716750773561,4,POST new visit-0,302,Original REST requests 1-31,,true,188,313,8,8,4,0,0
1716750773565,4,POST new visit-1,200,Original REST requests 1-31,text,true,7290,177,8,8,4,0,0
1716750773662,2,Vets,200,Original REST requests 1-36,text,true,4264,125,8,8,2,0,0
1716750773660,8,POST Edit Owner,200,Original REST requests 1-33,text,true,7492,516,8,8,4,0,0
1716750773660,4,POST Edit Owner-0,302,Original REST requests 1-33,,true,307,295,8,8,4,0,0
1716750773664,4,POST Edit Owner-1,200,Original REST requests 1-33,text,true,7185,221,8,8,4,0,0
1716750773761,2,Find owner,200,Original REST requests 1-35,text,true,3755,127,8,8,2,0,0
1716750773760,5,POST new pet,200,Original REST requests 1-38,text,true,5240,282,8,8,5,0,0
1716750773765,8,POST new visit,200,Original REST requests 1-32,text,true,7484,490,8,8,4,0,0
1716750773765,4,POST new visit-0,302,Original REST requests 1-32,,true,188,313,8,8,4,0,0
1716750773770,3,POST new visit-1,200,Original REST requests 1-32,text,true,7296,177,8,8,3,0,0
1716750773865,3,Vets,200,Original REST requests 1-37,text,true,4264,125,8,8,2,0,0
1716750773865,8,POST Edit Owner,200,Original REST requests 1-34,text,true,7593,516,8,8,4,0,0
1716750773865,4,POST Edit Owner-0,302,Original REST requests 1-34,,true,307,295,8,8,4,0,0
1716750773869,4,POST Edit Owner-1,200,Original REST requests 1-34,text,true,7286,221,8,8,4,0,0
1716750773966,1,Find owner,200,Original REST requests 1-36,text,true,3755,127,8,8,1,0,0
1716750773963,7,POST new pet,200,Original REST requests 1-39,text,true,5240,282,8,8,6,0,1
1716750773969,8,POST new visit,200,Original REST requests 1-33,text,true,7479,490,8,8,4,0,0
1716750773969,4,POST new visit-0,302,Original REST requests 1-33,,true,188,313,8,8,4,0,0
1716750773973,4,POST new visit-1,200,Original REST requests 1-33,text,true,7291,177,8,8,4,0,0
1716750774066,2,Vets,200,Original REST requests 1-38,text,true,4264,125,7,7,2,0,0
1716750774064,7,POST Edit Owner,200,Original REST requests 1-35,text,true,7599,516,8,8,3,0,0
1716750774064,3,POST Edit Owner-0,302,Original REST requests 1-35,,true,307,295,8,8,3,0,0
1716750774068,3,POST Edit Owner-1,200,Original REST requests 1-35,text,true,7292,221,8,8,3,0,0
1716750774168,2,Find owner,200,Original REST requests 1-37,text,true,3755,127,8,8,1,0,0
1716750774166,6,POST new pet,200,Original REST requests 1-40,text,true,5240,282,8,8,6,0,1
1716750774175,9,POST new visit,200,Original REST requests 1-34,text,true,7580,490,8,8,4,0,0
1716750774175,4,POST new visit-0,302,Original REST requests 1-34,,true,188,313,8,8,4,0,0
1716750774179,5,POST new visit-1,200,Original REST requests 1-34,text,true,7392,177,8,8,5,0,0
1716750774271,3,Vets,200,Original REST requests 1-39,text,true,4264,125,8,8,3,0,0
1716750774268,13,POST Edit Owner,200,Original REST requests 1-36,text,true,7594,516,8,8,6,0,0
1716750774268,6,POST Edit Owner-0,302,Original REST requests 1-36,,true,307,295,8,8,6,0,0
1716750774275,6,POST Edit Owner-1,200,Original REST requests 1-36,text,true,7287,221,8,8,5,0,0
1716750774372,5,Find owner,200,Original REST requests 1-38,text,true,3755,127,8,8,4,0,0
1716750774370,10,POST new pet,200,Original REST requests 1-41,text,true,5240,282,8,8,10,0,1
1716750774373,14,POST new visit,200,Original REST requests 1-35,text,true,7586,490,8,8,7,0,0
1716750774373,7,POST new visit-0,302,Original REST requests 1-35,,true,188,313,8,8,7,0,0
1716750774380,7,POST new visit-1,200,Original REST requests 1-35,text,true,7398,177,8,8,7,0,0
1716750774472,3,Vets,200,Original REST requests 1-40,text,true,4264,125,8,8,2,0,0
1716750774471,8,POST Edit Owner,200,Original REST requests 1-37,text,true,7695,516,8,8,4,0,0
1716750774471,4,POST Edit Owner-0,302,Original REST requests 1-37,,true,307,295,8,8,4,0,0
1716750774475,4,POST Edit Owner-1,200,Original REST requests 1-37,text,true,7388,221,8,8,4,0,0
1716750774577,1,Find owner,200,Original REST requests 1-39,text,true,3755,127,8,8,1,0,0
1716750774574,5,POST new pet,200,Original REST requests 1-42,text,true,5240,282,8,8,5,0,1
1716750774583,7,POST new visit,200,Original REST requests 1-36,text,true,7581,490,8,8,4,0,0
1716750774583,4,POST new visit-0,302,Original REST requests 1-36,,true,188,313,8,8,4,0,0
1716750774587,3,POST new visit-1,200,Original REST requests 1-36,text,true,7393,177,8,8,3,0,0
1716750774681,2,Vets,200,Original REST requests 1-41,text,true,4264,125,8,8,2,0,0
1716750774678,6,POST Edit Owner,200,Original REST requests 1-38,text,true,7701,516,8,8,3,0,0
1716750774678,3,POST Edit Owner-0,302,Original REST requests 1-38,,true,307,295,8,8,3,0,0
1716750774681,3,POST Edit Owner-1,200,Original REST requests 1-38,text,true,7394,221,8,8,3,0,0
1716750774775,2,Find owner,200,Original REST requests 1-40,text,true,3755,127,8,8,2,0,0
1716750774776,5,POST new pet,200,Original REST requests 1-43,text,true,5240,282,8,8,5,0,0
1716750774781,7,POST new visit,200,Original REST requests 1-37,text,true,7682,490,8,8,4,0,0
1716750774781,4,POST new visit-0,302,Original REST requests 1-37,,true,188,313,8,8,4,0,0
1716750774785,3,POST new visit-1,200,Original REST requests 1-37,text,true,7494,177,8,8,3,0,0
1716750774880,2,Vets,200,Original REST requests 1-42,text,true,4264,125,8,8,2,0,0
1716750774880,6,POST Edit Owner,200,Original REST requests 1-39,text,true,7696,516,8,8,2,0,0
1716750774880,2,POST Edit Owner-0,302,Original REST requests 1-39,,true,307,295,8,8,2,0,0
1716750774883,3,POST Edit Owner-1,200,Original REST requests 1-39,text,true,7389,221,8,8,3,0,0
1716750774983,2,Find owner,200,Original REST requests 1-41,text,true,3755,127,8,8,2,0,0
1716750774980,5,POST new pet,200,Original REST requests 1-44,text,true,5240,282,8,8,5,0,1
1716750774985,7,POST new visit,200,Original REST requests 1-38,text,true,7688,490,8,8,4,0,0
1716750774985,4,POST new visit-0,302,Original REST requests 1-38,,true,188,313,8,8,4,0,0
1716750774989,3,POST new visit-1,200,Original REST requests 1-38,text,true,7500,177,8,8,3,0,0
1716750775082,2,Vets,200,Original REST requests 1-43,text,true,4264,125,7,7,2,0,0
1716750775078,7,POST Edit Owner,200,Original REST requests 1-40,text,true,7797,516,8,8,4,0,0
1716750775078,4,POST Edit Owner-0,302,Original REST requests 1-40,,true,307,295,8,8,4,0,0
1716750775082,3,POST Edit Owner-1,200,Original REST requests 1-40,text,true,7490,221,8,8,3,0,0
1716750775182,2,Find owner,200,Original REST requests 1-42,text,true,3755,127,8,8,2,0,0
1716750775182,5,POST new pet,200,Original REST requests 1-45,text,true,5240,282,8,8,5,0,1
1716750775187,6,POST new visit,200,Original REST requests 1-39,text,true,7683,490,8,8,3,0,0
1716750775187,3,POST new visit-0,302,Original REST requests 1-39,,true,188,313,8,8,3,0,0
1716750775190,3,POST new visit-1,200,Original REST requests 1-39,text,true,7495,177,8,8,3,0,0
1716750775286,2,Vets,200,Original REST requests 1-44,text,true,4264,125,8,8,2,0,0
1716750775285,6,POST Edit Owner,200,Original REST requests 1-41,text,true,7803,516,8,8,3,0,0
1716750775285,3,POST Edit Owner-0,302,Original REST requests 1-41,,true,307,295,8,8,3,0,0
1716750775288,3,POST Edit Owner-1,200,Original REST requests 1-41,text,true,7496,221,8,8,3,0,0
1716750775385,1,Find owner,200,Original REST requests 1-43,text,true,3755,127,8,8,1,0,0
1716750775385,6,POST new pet,200,Original REST requests 1-46,text,true,5240,282,8,8,6,0,1
1716750775386,6,POST new visit,200,Original REST requests 1-40,text,true,7784,490,8,8,3,0,0
1716750775386,3,POST new visit-0,302,Original REST requests 1-40,,true,188,313,8,8,3,0,0
1716750775389,3,POST new visit-1,200,Original REST requests 1-40,text,true,7596,177,8,8,3,0,0
1716750775487,2,Vets,200,Original REST requests 1-45,text,true,4264,125,7,7,2,0,0
1716750775485,6,POST Edit Owner,200,Original REST requests 1-42,text,true,7798,516,7,7,3,0,0
1716750775485,3,POST Edit Owner-0,302,Original REST requests 1-42,,true,307,295,7,7,3,0,0
1716750775488,3,POST Edit Owner-1,200,Original REST requests 1-42,text,true,7491,221,7,7,3,0,0
1716750775589,2,Find owner,200,Original REST requests 1-44,text,true,3755,127,8,8,1,0,0
1716750775588,6,POST new pet,200,Original REST requests 1-47,text,true,5240,282,8,8,6,0,1
1716750775604,8,POST new visit,200,Original REST requests 1-41,text,true,7790,490,8,8,4,0,0
1716750775604,4,POST new visit-0,302,Original REST requests 1-41,,true,188,313,8,8,4,0,0
1716750775609,3,POST new visit-1,200,Original REST requests 1-41,text,true,7602,177,8,8,3,0,0
1716750775699,2,Vets,200,Original REST requests 1-46,text,true,4264,125,8,8,2,0,0
1716750775699,8,POST Edit Owner,200,Original REST requests 1-43,text,true,7899,516,8,8,4,0,0
1716750775699,4,POST Edit Owner-0,302,Original REST requests 1-43,,true,307,295,8,8,4,0,0
1716750775703,4,POST Edit Owner-1,200,Original REST requests 1-43,text,true,7592,221,8,8,4,0,0
1716750775794,1,Find owner,200,Original REST requests 1-45,text,true,3755,127,8,8,1,0,0
1716750775794,6,POST new visit,200,Original REST requests 1-42,text,true,7785,490,8,8,4,0,0
1716750775794,4,POST new visit-0,302,Original REST requests 1-42,,true,188,313,8,8,4,0,0
1716750775798,2,POST new visit-1,200,Original REST requests 1-42,text,true,7597,177,8,8,2,0,0
1716750775796,4,POST new pet,200,Original REST requests 1-48,text,true,5240,282,8,8,4,0,1
1716750775895,1,Vets,200,Original REST requests 1-47,text,true,4264,125,8,8,1,0,0
1716750775893,6,POST Edit Owner,200,Original REST requests 1-44,text,true,7905,516,8,8,3,0,0
1716750775893,3,POST Edit Owner-0,302,Original REST requests 1-44,,true,307,295,8,8,3,0,0
1716750775896,3,POST Edit Owner-1,200,Original REST requests 1-44,text,true,7598,221,8,8,3,0,0
1716750775995,5,POST new pet,200,Original REST requests 1-49,text,true,5240,282,8,8,4,0,0
1716750776002,1,Find owner,200,Original REST requests 1-46,text,true,3755,127,8,8,1,0,0
1716750776008,7,POST new visit,200,Original REST requests 1-43,text,true,7886,490,8,8,4,0,0
1716750776008,4,POST new visit-0,302,Original REST requests 1-43,,true,188,313,8,8,4,0,0
1716750776012,3,POST new visit-1,200,Original REST requests 1-43,text,true,7698,177,8,8,3,0,0
1716750776101,2,Vets,200,Original REST requests 1-48,text,true,4264,125,7,7,2,0,0
1716750776097,6,POST Edit Owner,200,Original REST requests 1-45,text,true,7900,516,7,7,3,0,0
1716750776097,3,POST Edit Owner-0,302,Original REST requests 1-45,,true,307,295,7,7,3,0,0
1716750776100,3,POST Edit Owner-1,200,Original REST requests 1-45,text,true,7593,221,7,7,3,0,0
1716750776189,6,POST new pet,200,Original REST requests 1-50,text,true,5240,282,7,7,6,0,1
1716750776205,2,Find owner,200,Original REST requests 1-47,text,true,3755,127,7,7,1,0,0
1716750776205,7,POST new visit,200,Original REST requests 1-44,text,true,7892,490,7,7,3,0,0
1716750776205,3,POST new visit-0,302,Original REST requests 1-44,,true,188,313,7,7,3,0,0
1716750776209,3,POST new visit-1,200,Original REST requests 1-44,text,true,7704,177,7,7,3,0,0
1716750776315,2,Vets,200,Original REST requests 1-49,text,true,4264,125,6,6,2,0,0
1716750776315,6,POST Edit Owner,200,Original REST requests 1-46,text,true,8001,516,6,6,3,0,0
1716750776315,3,POST Edit Owner-0,302,Original REST requests 1-46,,true,307,295,6,6,3,0,0
1716750776318,3,POST Edit Owner-1,200,Original REST requests 1-46,text,true,7694,221,6,6,3,0,0
1716750776409,1,Find owner,200,Original REST requests 1-48,text,true,3755,127,6,6,1,0,0
1716750776409,6,POST new visit,200,Original REST requests 1-45,text,true,7887,490,6,6,3,0,0
1716750776409,3,POST new visit-0,302,Original REST requests 1-45,,true,188,313,6,6,3,0,0
1716750776413,2,POST new visit-1,200,Original REST requests 1-45,text,true,7699,177,6,6,2,0,0
1716750776505,2,Vets,200,Original REST requests 1-50,text,true,4264,125,5,5,2,0,0
1716750776520,7,POST Edit Owner,200,Original REST requests 1-47,text,true,8007,516,5,5,3,0,0
1716750776520,3,POST Edit Owner-0,302,Original REST requests 1-47,,true,307,295,5,5,3,0,0
1716750776523,4,POST Edit Owner-1,200,Original REST requests 1-47,text,true,7700,221,5,5,4,0,0
1716750776630,1,Find owner,200,Original REST requests 1-49,text,true,3755,127,5,5,1,0,0
1716750776630,6,POST new visit,200,Original REST requests 1-46,text,true,7988,490,5,5,3,0,0
1716750776630,3,POST new visit-0,302,Original REST requests 1-46,,true,188,313,5,5,3,0,0
1716750776633,3,POST new visit-1,200,Original REST requests 1-46,text,true,7800,177,5,5,3,0,0
1716750776724,7,POST Edit Owner,200,Original REST requests 1-48,text,true,8002,516,4,4,3,0,0
1716750776724,3,POST Edit Owner-0,302,Original REST requests 1-48,,true,307,295,4,4,3,0,0
1716750776728,3,POST Edit Owner-1,200,Original REST requests 1-48,text,true,7695,221,4,4,3,0,0
1716750776818,1,Find owner,200,Original REST requests 1-50,text,true,3755,127,4,4,1,0,0
1716750776833,7,POST new visit,200,Original REST requests 1-47,text,true,7994,490,4,4,4,0,0
1716750776833,4,POST new visit-0,302,Original REST requests 1-47,,true,188,313,4,4,4,0,0
1716750776837,3,POST new visit-1,200,Original REST requests 1-47,text,true,7806,177,4,4,3,0,0
1716750776943,6,POST Edit Owner,200,Original REST requests 1-49,text,true,8103,516,3,3,3,0,0
1716750776943,3,POST Edit Owner-0,302,Original REST requests 1-49,,true,307,295,3,3,3,0,0
1716750776946,3,POST Edit Owner-1,200,Original REST requests 1-49,text,true,7796,221,3,3,3,0,0
1716750777038,8,POST new visit,200,Original REST requests 1-48,text,true,7989,490,3,3,4,0,0
1716750777038,4,POST new visit-0,302,Original REST requests 1-48,,true,188,313,3,3,4,0,0
1716750777042,4,POST new visit-1,200,Original REST requests 1-48,text,true,7801,177,3,3,4,0,0
1716750777132,6,POST Edit Owner,200,Original REST requests 1-50,text,true,8109,516,2,2,3,0,0
1716750777132,3,POST Edit Owner-0,302,Original REST requests 1-50,,true,307,295,2,2,3,0,0
1716750777135,3,POST Edit Owner-1,200,Original REST requests 1-50,text,true,7802,221,2,2,3,0,0
1716750777256,7,POST new visit,200,Original REST requests 1-49,text,true,8090,490,2,2,4,0,0
1716750777256,4,POST new visit-0,302,Original REST requests 1-49,,true,188,313,2,2,4,0,0
1716750777260,3,POST new visit-1,200,Original REST requests 1-49,text,true,7902,177,2,2,3,0,0
1716750777445,7,POST new visit,200,Original REST requests 1-50,text,true,8096,490,1,1,4,0,0
1716750777445,4,POST new visit-0,302,Original REST requests 1-50,,true,188,313,1,1,4,0,0
1716750777449,3,POST new visit-1,200,Original REST requests 1-50,text,true,7908,177,1,1,3,0,0
